customer_id,age,gender,purchase_amount,purchase_count,satisfaction_score,member_type
1,56,M,190.51986230442049,5,8.361998734273685,Bronze
2,69,M,68.34870443120784,7,7.7596311624955465,Bronze
3,46,M,65.50551374355909,4,7.936431934973263,Bronze
4,32,F,89.74880765880748,3,4.862233353248942,Gold
5,60,M,174.11479129444766,8,4.28773311620476,Gold
6,25,M,42.74181339452152,4,8.773891538604833,Silver
7,38,M,113.32538979228511,7,4.031052545444755,Silver
8,56,F,83.40933410349736,2,6.777709687926227,Gold
9,36,F,31.064814560107074,10,6.448446510673319,Bronze
10,40,M,210.89114354403586,6,6.3097735574853875,Bronze
11,28,M,159.66501337527325,4,7.471676233435986,Bronze
12,28,M,107.42665693848761,5,5.9836113553323225,Silver
13,41,M,190.10057185416065,6,7.593603193697572,Bronze
14,53,F,201.96206382205298,4,7.211733122036792,Silver
15,57,F,123.22453209093109,5,10.0,Bronze
16,41,F,181.40868506209324,6,4.921885912272806,Bronze
17,20,F,119.55796643719839,3,7.04390347585724,Silver
18,39,M,113.9874291728865,7,7.647017649816645,Bronze
19,19,M,96.39364190221882,7,6.615396166701556,Bronze
20,41,M,139.72203916260642,8,4.994387338168242,Bronze
21,61,F,17.2694175461279,4,8.885654170982791,Bronze
22,47,M,212.75463180521533,7,7.505401495216078,Silver
23,55,F,205.45033221429355,3,5.099654930610109,Bronze
24,19,F,2.9683511543022014,4,7.65800194383739,Bronze
25,38,M,174.76473762753136,4,9.552349105079285,Bronze
26,50,M,13.796390740375564,0,6.94552609987612,Silver
27,29,M,40.81469825093086,1,6.996680995794157,Bronze
28,39,F,136.06588031607416,1,9.352007546564979,Silver
29,61,M,17.525843472956318,7,5.54442402737312,Silver
30,42,F,170.35674221585722,5,9.591328063931023,Bronze
31,66,M,178.4590297012224,5,8.459366605552356,Silver
32,44,F,70.8195305309597,8,5.6136715540299775,Silver
33,59,F,0.6406348617415167,3,5.997596500233827,Bronze
34,45,M,33.83273427118551,5,6.212780749476566,Bronze
35,33,F,95.95294943637384,3,4.2496536790193655,Gold
36,32,F,397.3163467974408,5,7.390707623606321,Silver
37,64,M,99.91657490890634,1,5.68157949512822,Bronze
38,68,F,30.083969701011704,7,7.444826982146958,Bronze
39,61,M,100.51375279415504,2,5.063585124512175,Silver
40,69,F,77.64970067776713,4,8.384519855341749,Silver
41,20,M,151.34252301294654,6,8.106438895195753,Silver
42,54,M,11.314701729582906,7,5.9411814789096775,Bronze
43,68,F,143.14084807364827,9,7.539473736823174,Silver
44,24,F,77.92860190698894,4,7.1243808389643695,Bronze
45,38,F,329.66212777676657,1,9.223449229229367,Bronze
46,26,F,41.83560899891112,4,5.4512815481576915,Silver
47,56,F,100.13636973450231,6,6.77155303225878,Gold
48,35,M,268.86609755685515,3,6.03897454493834,Bronze
49,21,F,10.815299766527462,4,7.067227295650252,Bronze
50,42,M,276.8253926838768,2,7.79991040417539,Silver
51,31,M,116.4385883557969,6,6.0222889328894365,Bronze
52,67,F,7.02476502911083,8,6.4538406679161815,Silver
53,26,M,35.80524164282398,7,8.449061197086044,Silver
54,43,M,123.15909951213125,2,9.035986992889665,Bronze
55,19,M,6.972592739476132,6,7.740274052804318,Gold
56,37,M,87.26817290949637,9,6.793055351885261,Silver
57,45,F,42.446913151136116,3,6.650354618444276,Silver
58,64,M,96.99961904748348,8,7.822189493090935,Silver
59,24,F,4.682123927795485,7,7.341650502107307,Silver
60,61,F,205.21128448769127,6,4.526536243163045,Bronze
61,25,M,363.0194375144341,10,7.858577848461854,Bronze
62,64,F,346.9835664491751,5,5.709145315866157,Silver
63,52,F,138.490265696123,5,4.874595387286522,Bronze
64,31,F,13.936119883380577,5,4.497482667836911,Bronze
65,34,M,141.990573116036,5,6.6758434432250215,Silver
66,53,F,2.489422228251131,4,5.475213456726097,Silver
67,67,F,2.2371947734473863,10,3.5104576603912037,Bronze
68,57,F,39.09857702172302,3,6.462316739744784,Silver
69,21,M,67.068767492168,2,6.264143747671201,Silver
70,19,F,147.14489225838568,6,6.77514832801243,Bronze
71,23,M,114.97857268908189,4,6.056653068936434,Silver
72,59,M,59.041498739570855,4,9.743994495290917,Bronze
73,21,M,31.969116255840703,8,7.776005942025461,Bronze
74,46,M,585.152876165698,5,6.250580014567784,Bronze
75,35,M,55.544179011003415,4,6.9045597438289565,Bronze
76,43,M,60.03620484245429,7,9.121964001243022,Bronze
77,61,F,17.86767924545557,4,8.434934217603237,Silver
78,51,M,158.38167006373084,2,4.905682278437451,Silver
79,27,F,118.31322380365738,2,5.538564158760056,Bronze
80,53,F,24.944852945317596,3,5.827229688964989,Silver
81,31,M,8.59730569023787,3,6.340450073596287,Bronze
82,48,F,114.09958207372404,8,6.106865195685937,Bronze
83,65,F,106.2795094423143,6,7.051013882291616,Silver
84,32,F,31.918584867373966,0,8.103581966528331,Bronze
85,25,F,301.31544063851095,8,8.35399043407373,Bronze
86,31,M,16.376428319465084,5,6.509803985651064,Silver
87,40,F,56.622347250341164,4,4.547959721868406,Bronze
88,57,M,287.55684327996545,5,5.439385087192388,Silver
89,38,F,54.425714269355005,7,6.220337815554955,Bronze
90,33,F,101.75650177301027,6,5.132448311122964,Bronze
91,62,M,50.682430300913964,3,8.71128848005242,Bronze
92,35,F,32.05017300668813,4,5.230688412128908,Bronze
93,64,F,413.3770529131774,2,7.925594567102805,Bronze
94,41,F,52.65045758454232,4,4.477179467466193,Bronze
95,43,M,224.52525068481322,1,7.98580165194408,Silver
96,42,F,26.130581248389046,9,6.791096939998622,Gold
97,62,M,23.96600813788579,3,9.268796053453826,Bronze
98,58,F,3.1629049095555,1,5.3026560901805055,Bronze
99,46,M,105.45958588759896,5,6.153827799082608,Bronze
100,32,M,45.96990541722013,4,6.444351097884341,Gold
101,62,F,199.77380588267937,6,6.771249894774532,Gold
102,18,F,64.09531147028137,5,6.481028753646264,Bronze
103,42,M,344.8082341200801,8,6.509982151136519,Silver
104,24,M,20.52121782608384,5,6.485406184921506,Bronze
105,26,F,202.96855047299104,7,3.8932301761293004,Bronze
106,41,M,149.87773046742976,4,8.490001752411652,Bronze
107,18,F,147.36920438900364,1,10.0,Bronze
108,61,F,186.2932610814589,5,7.447406656901482,Bronze
109,25,F,143.1392112603727,4,5.29637372821256,Bronze
110,41,F,98.40887504235639,3,5.448192053727569,Silver
111,28,M,14.069398592758247,2,7.919761002837352,Bronze
112,68,F,3.306691334998571,12,7.578204213772365,Bronze
113,34,M,253.6383301814264,5,6.573564834169993,Bronze
114,25,F,95.88076894307802,10,8.130106556318779,Bronze
115,52,M,159.22725389316395,6,3.9041724298682627,Bronze
116,52,F,65.68583602697946,1,8.131093190846686,Bronze
117,50,M,12.477916417400802,6,7.35664174689234,Bronze
118,22,M,13.37437491163384,2,5.506078013825151,Bronze
119,59,F,115.69788149447113,4,4.850014107428973,Bronze
120,56,F,56.26557199241903,5,7.181990924118441,Bronze
121,58,F,22.37996748916361,8,9.110857205151646,Silver
122,45,F,67.6476013409331,4,6.6578601520044485,Silver
123,24,M,6.636305079345966,2,5.720972475650741,Bronze
124,26,F,87.22054323249506,1,7.286932390204379,Bronze
125,25,M,31.33327966124574,8,9.73130771518521,Bronze
126,29,M,159.7307290031962,8,7.6469497195955745,Bronze
127,51,F,37.15883971801938,4,7.809102982314112,Bronze
128,50,M,60.73735091953125,1,8.834197953955833,Bronze
129,65,M,1.1688586050930903,9,7.708836099075734,Bronze
130,40,M,7.520522230669786,4,5.828545439259768,Gold
131,41,M,49.83924970857172,2,4.383152572152946,Bronze
132,54,F,65.38088487800127,4,5.6175203203326065,Bronze
133,52,F,91.63421034919133,3,5.342910542353488,Bronze
134,61,F,34.48347150744582,8,7.988962179266991,Gold
135,57,F,118.73841143891859,9,8.197522077023661,Silver
136,39,M,196.69875044031022,4,7.263358092573232,Bronze
137,44,M,151.34506386975707,4,5.09696203473524,Silver
138,52,F,4.0425016397703155,5,9.679895535890044,Bronze
139,18,F,65.49018415021082,11,6.375684679240617,Silver
140,52,F,11.085355080954614,8,7.905221515452305,Silver
141,54,M,27.71312827847182,6,7.073987255049339,Bronze
142,64,F,431.71826552294334,2,7.312995224874872,Silver
143,31,F,15.372890217305862,8,7.852276005010596,Bronze
144,20,F,69.09259562090074,7,5.955969757598572,Bronze
145,18,M,96.27424349612865,6,8.958103639397748,Bronze
146,22,M,121.22233148577382,5,4.6307418743690905,Silver
147,43,M,82.01824240381106,3,5.442165540946173,Bronze
148,31,M,0.9818895384563227,5,8.938644061505624,Bronze
149,56,M,39.520983599786014,3,7.885007141656707,Silver
150,44,M,72.92130935726833,3,10.0,Bronze
151,26,M,9.196891710405072,7,7.102525665479695,Bronze
152,32,M,43.17478910836826,4,9.55064394468864,Bronze
153,32,F,3.3766845705524053,4,4.213781826004895,Bronze
154,43,F,8.183768960808726,6,4.8797275402042075,Bronze
155,59,M,50.57108535355949,6,8.34328830612546,Bronze
156,30,M,14.238850592466138,3,4.389448261578272,Gold
157,68,F,83.82674039181207,4,6.703948589485766,Silver
158,49,M,116.9458563158434,6,8.750813625470737,Bronze
159,56,M,161.23757191107592,6,7.751756896733003,Bronze
160,66,M,22.33313742578472,6,7.016642830479369,Bronze
161,69,F,18.330113513507694,6,6.326338796756027,Silver
162,49,F,11.044881728507567,3,7.303338811887947,Bronze
163,21,F,101.17841147041304,5,7.865872558563295,Bronze
164,47,F,122.57949395115995,2,6.008658494520725,Silver
165,54,F,3.2095746736032114,5,7.557604042018071,Bronze
166,40,M,275.21940544489087,3,8.617646116298065,Bronze
167,56,F,5.337048567900803,3,6.666282800050213,Silver
168,62,M,77.9350888095622,5,7.102184275210978,Silver
169,32,M,123.46400040612392,11,7.7256682510041665,Bronze
170,60,F,204.77035524547608,7,7.827001324134616,Silver
171,46,F,125.20674728720263,7,8.31768035949766,Bronze
172,53,M,161.8115872596726,4,5.478437566027075,Silver
173,30,M,41.46827491464336,1,6.206616246422035,Bronze
174,49,M,168.64545693479235,4,6.26218196192552,Silver
175,24,F,8.350644975816266,5,5.644131752255985,Gold
176,68,F,225.20503187852162,4,4.302379117963278,Gold
177,39,F,79.31716828789294,4,2.1182815880534385,Gold
178,45,F,169.98976096655187,7,8.79317906762947,Bronze
179,19,F,60.20609719350464,6,4.669160493328686,Bronze
180,59,M,103.16390017200887,8,9.349763690058863,Bronze
181,62,F,74.73978139587696,4,8.109114232924693,Silver
182,23,M,131.52378349869207,3,6.3914674302906205,Silver
183,45,M,8.515489988895617,0,7.9246331572221,Bronze
184,45,M,6.225003131901508,4,7.637699870070582,Gold
185,61,F,28.38271575399164,1,5.347338455590339,Silver
186,61,F,17.381148651515005,4,6.977533339555554,Gold
187,37,F,205.40355570023982,3,5.530241841187761,Silver
188,47,M,24.745415818055395,5,7.981192003256639,Bronze
189,28,M,372.41028094340936,6,5.927168572300918,Bronze
190,45,M,41.08231243314293,6,6.8550556957049915,Bronze
191,42,M,20.103710397885287,4,6.790301621483875,Bronze
192,56,M,155.92130975943473,4,7.182368500809073,Silver
193,50,M,107.50162053415187,5,9.493832621671032,Silver
194,18,F,68.95451087234338,1,6.638559125716123,Silver
195,44,F,81.04982991156207,9,8.826890712961774,Silver
196,69,F,127.01189397289663,7,7.719995491502557,Bronze
197,30,F,25.935994568670672,5,9.127603819054874,Bronze
198,58,M,560.8631232047704,4,6.492346322777771,Bronze
199,20,M,368.0639977890095,5,8.044204362954352,Bronze
200,56,F,105.07530901325568,4,6.911097966099488,Bronze
201,23,M,22.257177846889334,1,2.5159104682551794,Bronze
202,25,F,114.01477952753687,3,5.365234622469287,Bronze
203,44,F,7.493737183429329,7,7.873565418929127,Bronze
204,26,F,3.1132116523619477,6,7.774397374419998,Silver
205,54,M,29.797875313889655,10,5.057533917047615,Bronze
206,50,F,62.105530187343895,4,7.330551323257005,Bronze
207,68,F,202.70199251908406,5,7.754890339788258,Bronze
208,59,F,129.8902978817889,6,6.94800164539359,Gold
209,61,M,135.7537904749322,6,8.093227956489454,Bronze
210,41,M,55.42435794074139,8,7.888832961893153,Bronze
211,32,F,42.45485326894826,4,6.947284630892939,Silver
212,49,M,46.36856505472971,3,6.233762771703822,Bronze
213,49,M,439.40638915165044,3,8.563812388138764,Gold
214,41,M,4.093574204392867,9,7.694743146818232,Bronze
215,58,M,201.76429917557388,7,4.927851021204553,Bronze
216,69,M,86.43517413526625,2,7.331346484122081,Bronze
217,66,M,57.734908103465955,2,5.2734629358133995,Silver
218,66,M,129.19215674888704,4,5.553148101356237,Bronze
219,69,M,66.6834303599214,6,6.022134946921545,Bronze
220,29,M,206.69063412677667,9,7.067309853489553,Bronze
221,56,M,230.96284796203744,11,7.561728366386928,Bronze
222,19,F,54.76987013540248,4,6.386587166138092,Bronze
223,20,F,32.41079070851419,7,6.452226075559398,Silver
224,66,M,89.73471219409093,7,6.245134517047479,Silver
225,54,F,243.4555939523599,3,8.571270455631442,Bronze
226,66,F,23.656089895002456,7,2.7205847446005205,Bronze
227,34,M,97.54214576995756,5,6.5369838854878255,Silver
228,66,M,99.84780002255434,2,9.31747719307355,Bronze
229,19,M,132.09300151268556,9,7.775845075416081,Bronze
230,19,F,14.106562970266042,6,8.900270860850688,Bronze
231,45,F,125.81649091271099,3,3.948626710733615,Silver
232,40,M,239.7253206289245,6,5.136626152796316,Gold
233,54,M,19.806456078014456,3,7.7710722110297015,Silver
234,49,M,27.120959168716197,2,9.325945889886501,Bronze
235,50,F,355.4177038861512,8,5.288145674732908,Bronze
236,18,F,19.96430547551579,4,6.4183573259402165,Silver
237,36,F,192.6789767756658,5,7.602196212800492,Bronze
238,19,F,67.7820942553549,4,4.821252404368455,Gold
239,61,M,28.399696999437047,3,7.782536889371475,Gold
240,43,M,204.6006001744849,4,2.986473026445645,Bronze
241,49,M,58.933732555995576,3,7.7383591966972824,Gold
242,23,M,72.32298691011181,11,5.507372548168236,Bronze
243,49,F,44.50899591778079,6,6.32860421422538,Silver
244,21,F,89.88213426850785,5,7.977825921905452,Bronze
245,28,M,17.855729761763136,5,7.670878233238376,Bronze
246,34,M,49.60709063634736,5,6.988028193472443,Silver
247,55,F,348.71580418211437,3,8.453560827453025,Silver
248,41,M,29.85858804240062,6,4.449735981071765,Bronze
249,22,F,106.92573845171027,4,7.306621557252121,Bronze
250,69,M,39.332420438892704,5,5.814744803712276,Bronze
251,51,M,148.48916907071649,3,8.377047203019979,Bronze
252,23,M,14.026677961013675,7,8.030600604454179,Bronze
253,39,M,350.06104544244,3,8.085022328296008,Bronze
254,28,M,60.47509221647378,6,9.468072749060703,Bronze
255,65,M,26.925354349772025,7,8.689521298652465,Bronze
256,33,M,7.633772255593707,1,6.763867999339883,Bronze
257,50,F,18.603794010459392,6,6.998098219768755,Bronze
258,26,F,73.34983454295815,4,7.9014075710675895,Bronze
259,23,F,41.098507980516665,2,7.204262012121744,Gold
260,33,F,176.54098841221574,2,8.057759982864576,Bronze
261,46,F,56.36771906855924,5,3.654519362840457,Gold
262,20,M,28.5969236975851,5,9.821205278189975,Silver
263,37,M,96.00989165734678,3,7.091542875334481,Silver
264,53,F,122.68226069593449,5,4.56630200366116,Silver
265,36,M,18.277194768584682,11,5.629309972624718,Silver
266,43,F,18.34652701307607,2,3.806009423246166,Bronze
267,20,F,3.7360728009482735,6,5.364647379721374,Bronze
268,36,M,133.33301207898342,5,6.786627357040321,Silver
269,37,M,109.0062525147099,3,9.272071918741604,Bronze
270,49,M,64.36541696352927,4,7.616011878129701,Silver
271,24,F,185.89924906761502,10,7.349290917946863,Bronze
272,69,M,163.81983211693515,1,5.297343218176432,Silver
273,58,F,88.03310136359215,8,5.763272041519733,Bronze
274,50,F,202.70106265290028,3,5.879608459941707,Bronze
275,57,F,23.047185037057353,5,5.940807081720842,Bronze
276,56,M,11.869302139028457,4,6.472694685627093,Silver
277,35,M,31.43678057281079,11,6.585983407425279,Silver
278,57,F,5.878110672996271,3,6.491382439559728,Bronze
279,18,M,75.75140428339438,4,5.993013654597276,Silver
280,28,M,275.83812054019666,3,7.20257974871834,Bronze
281,45,M,4.013841640938224,3,6.528377824949837,Bronze
282,42,F,13.023387998311675,8,4.606649130666659,Bronze
283,67,F,60.18432483019309,1,7.0515727333869025,Bronze
284,40,M,271.62086538759945,5,6.824854003327635,Bronze
285,48,F,38.0025611056787,7,4.630558821167236,Bronze
286,47,M,70.77225037713451,3,6.1130478299551925,Silver
287,59,M,4.24617330010517,7,7.8956088415170385,Silver
288,52,M,16.05716513364189,5,5.295325092008943,Bronze
289,24,M,431.4751084533379,7,5.13673139540726,Bronze
290,33,F,335.5804307819909,5,6.512674567012392,Bronze
291,43,F,0.4952222973827616,7,7.934398404717946,Bronze
292,65,F,303.26407986788155,5,9.715491386084043,Bronze
293,69,M,101.92096135685009,4,7.988403032280526,Bronze
294,66,M,202.43345669765108,5,8.627241610234162,Gold
295,19,M,60.64922690920095,11,7.520046442752496,Silver
296,18,F,72.4836068697771,7,5.972326030535904,Bronze
297,65,M,67.108549950886,6,7.977566614895369,Bronze
298,29,F,109.92052370655834,3,6.871587926607819,Bronze
299,22,F,15.041745420945718,0,7.565550756742019,Silver
300,54,F,3.043198091997127,10,5.580955260473559,Bronze
301,49,F,36.80680880137809,5,7.699668701259709,Bronze
302,26,F,121.96983475408393,5,6.819237704851155,Silver
303,58,F,22.546305443661037,3,7.346886620776125,Bronze
304,52,M,111.91184093319791,4,6.872390237762302,Bronze
305,36,M,350.363039022921,2,6.584195326987476,Bronze
306,65,F,9.860639372178696,2,7.727036169427612,Bronze
307,33,F,111.65790839045361,7,6.390863306662654,Bronze
308,20,M,58.65378397571735,3,4.6169678044336155,Bronze
309,37,F,202.60316221935165,1,4.189044886476331,Bronze
310,41,F,19.498109905864382,3,7.276624854140467,Bronze
311,50,M,117.96898763803539,7,6.329173277906716,Silver
312,41,F,182.08708615976457,5,4.406351233851924,Bronze
313,69,F,289.3432387380273,5,7.1598024505806706,Bronze
314,28,F,114.96362349846221,4,6.859188167539961,Silver
315,66,M,68.75126126115396,5,6.250579610165901,Silver
316,25,M,96.19348555509416,5,7.370213977271279,Silver
317,53,M,203.18329093679114,3,8.972641015161706,Bronze
318,55,F,84.53890920690058,3,8.926886078027708,Bronze
319,57,F,3.08583177339052,6,7.215646964662877,Silver
320,37,M,267.2905507299173,6,6.8729343507057195,Silver
321,52,F,116.96575360111503,4,7.236602811417521,Bronze
322,65,F,112.85975438794891,9,7.463510399161523,Gold
323,42,F,24.293199801802395,6,6.5975527344129175,Bronze
324,52,F,107.55369936680887,5,7.261814589929654,Gold
325,42,F,50.06515648958588,5,4.639555643437304,Silver
326,46,M,105.33511356872364,4,7.122023325020146,Silver
327,35,F,11.271306878269606,10,7.715220392536907,Gold
328,63,M,107.24923184658566,6,6.265237086990391,Silver
329,35,F,744.1722909704406,2,6.856791033570852,Bronze
330,19,M,4.941299889430069,4,5.332741928948314,Bronze
331,52,F,377.98631125622285,3,5.1245296255610295,Bronze
332,33,M,52.24056824545973,2,7.316222616938786,Bronze
333,58,F,204.6033461015753,5,5.905655476393576,Silver
334,53,M,152.50300569342926,6,4.334761507635963,Bronze
335,50,F,83.70551059265524,5,5.332332551298337,Bronze
336,21,M,134.11267858526585,10,5.550431359311896,Bronze
337,50,F,210.79691009583397,5,8.161870746597613,Silver
338,31,M,51.77500786487027,5,7.268671017052701,Bronze
339,38,M,39.60592247910065,4,5.69259670276405,Bronze
340,65,F,110.13963171723069,4,6.11835114254326,Bronze
341,37,F,164.94578429710734,3,8.968126624160838,Silver
342,25,M,143.6683368820512,6,8.404153652795426,Bronze
343,24,F,159.85654764477755,4,5.322909358027258,Silver
344,20,M,57.19624967418865,2,8.745288789439488,Bronze
345,34,M,170.28381063858632,9,6.879056787325284,Bronze
346,50,M,12.807096265357146,5,8.199417439084366,Gold
347,65,F,78.63356283442829,9,6.75503806749774,Bronze
348,29,M,0.5775305516253855,5,8.778743798113263,Bronze
349,68,M,39.242919094318786,5,5.260569082690302,Bronze
350,39,F,45.64345626291861,1,6.616824352927726,Bronze
351,39,F,50.44670351886674,5,8.824689666848675,Bronze
352,63,F,118.89765020311442,8,3.4110877777041058,Bronze
353,47,F,49.19353427114065,6,6.930907893813302,Bronze
354,55,M,59.54645855639284,2,6.409680520190219,Bronze
355,55,M,27.121064873197792,5,8.026991845815617,Silver
356,62,M,46.72104005506762,5,8.604870153116458,Silver
357,68,M,25.782509753304883,4,8.095425728960446,Bronze
358,25,F,7.601308825538721,6,7.361500380095869,Bronze
359,44,M,92.49495953184562,5,7.0608468221430405,Bronze
360,44,M,110.3261475071069,6,6.485934067780153,Bronze
361,51,F,96.62437301484182,5,7.314958932286947,Bronze
362,38,M,62.26776150169474,4,9.189482244378265,Bronze
363,47,M,47.76903447798999,7,5.754231552583688,Bronze
364,50,M,199.0212721894755,5,6.39687778731389,Bronze
365,45,M,73.20580548015936,7,6.886735041149789,Bronze
366,64,M,65.23543915152494,6,8.501399018793503,Gold
367,50,M,2.597655394201447,4,7.334953509328308,Bronze
368,22,F,41.74078814107977,8,8.475222843317786,Silver
369,65,F,47.83513648988052,4,8.5511649857554,Silver
370,36,M,50.88655141979992,3,7.8880552387299705,Bronze
371,21,M,86.79110548652706,5,5.40400957515167,Bronze
372,52,F,76.27171043528689,10,9.491640867845073,Bronze
373,66,M,93.62513582748197,6,9.118571006639051,Bronze
374,34,M,144.7673128786881,4,7.095310075753505,Bronze
375,61,M,167.65704014851647,3,4.927344636274668,Silver
376,45,F,126.62847438313909,3,4.659252763188465,Bronze
377,47,M,311.27987250042054,5,7.3814734398305655,Bronze
378,46,F,1.8400844582700027,2,5.947374336803821,Silver
379,63,M,21.787991071251295,6,4.424216299959432,Silver
380,23,F,0.7591618531415689,2,4.630951450955497,Bronze
381,52,F,104.26329264077516,5,6.295026140004987,Silver
382,58,M,228.3082010066477,2,7.292394360716467,Bronze
383,54,F,27.90293442777735,6,9.10856957652374,Bronze
384,41,M,261.77691662237186,3,7.726331161520263,Bronze
385,46,F,6.215990193872064,5,6.427893204292879,Bronze
386,66,M,272.4728923000118,2,7.569924336509199,Gold
387,63,M,43.32824793065384,6,7.435851378382987,Bronze
388,48,F,10.694046139193686,6,8.10931781079391,Bronze
389,52,M,66.52825488994117,7,6.940086829624204,Bronze
390,50,M,29.675856307817188,6,8.554296626518166,Bronze
391,69,F,33.529499259166194,6,8.236677700341227,Bronze
392,38,M,36.71437871612786,4,7.124050005457855,Bronze
393,49,M,162.46830199654235,4,6.821163465601144,Silver
394,40,F,77.47071381382604,7,8.37962271848564,Bronze
395,50,F,37.29606957534525,5,5.929788522839442,Bronze
396,20,M,94.24647609545124,5,4.740080756284909,Bronze
397,35,M,125.93117246481013,8,4.731553012474007,Bronze
398,42,F,31.831174220804602,4,5.805438287365736,Bronze
399,59,F,53.36663339591021,2,7.989478448165874,Silver
400,48,M,12.997895952140054,3,6.365801718085205,Gold
401,20,F,19.985356772213873,4,7.306774004216839,Bronze
402,57,M,114.29336926261702,6,6.257055893678396,Bronze
403,63,M,20.020656148364722,9,6.268963951024051,Silver
404,41,M,74.47844997321,3,5.46180448823327,Bronze
405,67,M,123.45909994396855,5,6.862156561876468,Bronze
406,49,M,11.303088352047043,3,6.737254396331565,Bronze
407,64,F,83.77388725681469,2,7.618997534772733,Silver
408,39,F,29.647096009248415,4,7.431546410517576,Bronze
409,40,F,329.4862971807926,9,6.704278928562381,Silver
410,19,F,66.07683713268071,4,4.740866732409737,Silver
411,44,M,163.9858717435359,5,8.605869201367417,Bronze
412,59,M,79.90112499936112,8,6.872433491442965,Silver
413,19,M,4.4383049279866125,8,7.119464034840846,Silver
414,43,M,100.28059835743524,5,9.400742598716587,Bronze
415,34,F,302.42005201247326,3,8.362333189893926,Bronze
416,57,M,92.03284227538245,9,7.669673798225096,Bronze
417,50,M,171.03022147077291,2,6.996541318943762,Bronze
418,26,F,215.59465301540334,8,6.982531676748771,Bronze
419,60,F,25.887406583650023,7,7.360171746582793,Bronze
420,65,F,23.831409418015575,6,7.610360088784947,Bronze
421,56,F,94.41270647095304,9,9.567102633676202,Silver
422,46,M,52.93774323335773,3,10.0,Bronze
423,59,M,183.1714982168924,6,7.435391208105324,Bronze
424,43,F,230.28163537128557,7,3.770085891934551,Bronze
425,52,M,43.60604784235147,7,5.57238329006242,Bronze
426,67,M,27.032761460844306,5,9.717245322807651,Bronze
427,42,M,151.65192957924486,5,8.07797894238362,Bronze
428,41,F,32.13161227341658,1,7.639069730867494,Bronze
429,30,M,172.9428925519035,7,6.749743132892859,Silver
430,24,F,55.119330075541015,4,5.216466911161024,Silver
431,53,M,110.12655032053702,7,9.516684632118253,Bronze
432,62,M,10.04120172911258,5,5.765184622788867,Silver
433,37,M,97.77920690653742,5,8.093967724807417,Silver
434,18,F,60.105613796278504,3,5.048947345368784,Bronze
435,25,M,88.33601040666048,5,6.676976972757585,Gold
436,63,F,18.39399149231579,5,8.489435695679447,Silver
437,33,F,133.51213047485325,4,6.625458741299809,Bronze
438,31,F,198.62942632118776,3,6.447325186950959,Bronze
439,29,M,24.429032668853935,3,7.015954402523022,Bronze
440,68,M,10.061021126280096,5,4.995995661347608,Bronze
441,40,M,2.392245993157399,10,4.713779639430977,Silver
442,32,M,102.71426880495873,2,8.071354724040892,Bronze
443,45,F,93.41849733239181,5,6.3666851115733,Silver
444,51,F,79.11954133835657,3,8.059727140872184,Silver
445,19,F,26.389666294128883,4,8.677274525726062,Silver
446,49,M,49.57826650652052,6,8.797963913493195,Silver
447,40,F,90.2576047539322,3,4.568487573135492,Bronze
448,39,M,68.6701714991916,4,5.953256067619153,Bronze
449,68,F,440.51331633813265,4,7.806377960565708,Silver
450,42,M,14.669161261532732,5,7.829502507855478,Bronze
451,39,M,118.79175624204636,8,10.0,Bronze
452,39,F,51.804960081039944,5,5.638579700150378,Silver
453,66,F,55.896532565171576,6,8.752252602181146,Silver
454,69,F,126.44228614190529,3,7.55841191505781,Bronze
455,59,F,117.90725753198146,4,4.539646200004795,Silver
456,23,M,473.938680786437,5,6.1782771449101075,Silver
457,32,F,13.74181241365831,6,7.393792018484987,Bronze
458,60,F,10.99372500406554,7,4.443449937555601,Bronze
459,54,F,128.8582765673542,5,3.8891409925425307,Gold
460,50,M,86.36672504679804,2,4.3581361320450345,Bronze
461,25,M,32.04265924500261,6,7.388700482626509,Bronze
462,61,F,8.275068734779747,4,6.27299911189984,Bronze
463,61,M,8.955087106390794,2,6.070066454029573,Silver
464,22,F,224.6118512465589,4,6.121567247251408,Bronze
465,56,M,21.302903185996403,2,4.863816382513093,Bronze
466,21,M,39.06329929475808,3,6.315395225739839,Bronze
467,23,M,25.70318300956333,4,4.269402927892246,Gold
468,62,M,43.849923481042076,7,8.78146170903836,Bronze
469,49,F,7.195136073162983,5,9.538494581015826,Bronze
470,69,F,73.20123220255348,5,3.510904429916242,Gold
471,47,F,7.000684637744136,7,6.296305511013868,Bronze
472,64,M,161.1222042159252,9,6.393982854047803,Gold
473,52,F,26.619730768420602,7,6.738273240074462,Gold
474,57,F,77.65546911485947,6,8.5022956365616,Silver
475,69,F,212.09228164897416,6,6.300683826709104,Bronze
476,33,M,105.23320404102641,9,6.8676228059030695,Silver
477,30,M,76.13356325747317,2,10.0,Silver
478,67,M,39.2056042484146,3,6.833060638592039,Gold
479,59,F,40.49681012238468,9,9.64935979044911,Bronze
480,47,F,110.71091505697362,3,7.752981486083249,Silver
481,36,F,513.9496674707304,8,6.169436510386226,Bronze
482,34,M,108.42337269652312,5,5.918899019236854,Bronze
483,36,M,81.59555109679812,4,6.98909110750044,Bronze
484,45,F,131.17455241928113,9,5.310290312880164,Silver
485,43,M,62.58729279824089,2,5.70420105040645,Bronze
486,54,M,6.202684348321755,5,6.365409098461331,Bronze
487,43,M,82.6214260143961,10,7.440015312890844,Gold
488,40,M,316.1203427295335,5,9.73899581761157,Bronze
489,26,F,19.273916294070354,4,6.272568359802606,Silver
490,29,M,117.11987584682579,7,7.69227706956717,Bronze
491,18,M,22.431134374225795,3,4.558153230126923,Bronze
492,18,M,76.74994260264465,6,8.590432961330976,Silver
493,64,M,10.16744837023609,3,4.417476137609566,Gold
494,51,F,59.85116578458807,3,8.197579708152151,Bronze
495,49,F,141.12566585424565,4,6.878612570077295,Silver
496,65,M,42.70537614854541,1,6.819020585890316,Bronze
497,42,M,109.33612728760885,2,6.549602923121753,Bronze
498,57,M,158.69426429163502,4,5.048121063411854,Bronze
499,62,M,261.9734692704209,5,5.127594235196796,Bronze
500,18,M,26.74116877155556,8,8.254780234058472,Bronze
501,33,M,50.96861329145348,7,7.017905170272082,Bronze
502,56,F,16.536534532240278,7,6.538664897228107,Bronze
503,22,M,489.0654962048055,2,7.665096925954085,Bronze
504,39,F,261.73090971585725,6,7.151965424831878,Bronze
505,46,F,77.64355987991227,8,5.81060267509018,Bronze
506,20,M,184.53709920619715,6,10.0,Gold
507,29,F,73.59669552982862,4,8.111134567754661,Silver
508,43,F,97.70648486217308,4,7.190602860039333,Bronze
509,33,F,9.33489795430218,4,6.229583046679091,Gold
510,68,F,140.7601435155739,1,8.429139533791286,Silver
511,54,F,13.66373352289071,6,5.818648195410857,Bronze
512,39,F,174.90887349353392,8,5.692337888546105,Bronze
513,46,M,152.3389067018665,7,9.539988453610572,Silver
514,31,F,123.3555069093609,7,7.046012764106064,Bronze
515,45,F,3.6830368051553117,6,5.854976219927331,Silver
516,22,F,36.115404005155014,6,7.008528547059516,Silver
517,64,M,30.53201391791275,4,8.275279830772563,Silver
518,66,F,44.6500262019517,3,7.931881680932789,Gold
519,47,M,9.172364057237763,6,8.461393394629678,Bronze
520,63,F,276.3951300892074,3,5.125666145890779,Bronze
521,69,M,80.69930187631815,10,8.423723742512266,Silver
522,22,M,36.45981219476022,5,6.73141183592328,Bronze
523,29,F,50.58074311065991,6,7.133651150055815,Silver
524,33,F,59.27636022426302,6,8.81424174046717,Gold
525,43,M,91.7777670220792,4,8.054088509906935,Silver
526,43,F,72.50082520454396,6,7.526578721432018,Bronze
527,65,M,251.81570465176466,5,4.024004975279569,Bronze
528,38,M,68.70925129207896,3,6.93174721692957,Bronze
529,56,M,484.82632653602354,2,5.822986918644249,Bronze
530,53,M,190.66651133282804,3,8.066567956596044,Silver
531,50,M,23.383868383943188,2,8.486437280553492,Silver
532,47,F,266.7799460588854,8,6.5469534658258555,Silver
533,54,M,12.371277950994294,7,5.999437786316969,Bronze
534,40,M,170.07295740107259,4,9.3344511932739,Bronze
535,27,F,47.904161866709714,3,6.095278649479458,Silver
536,22,M,210.3523768243236,3,5.208193739445622,Bronze
537,53,F,202.53829191556267,6,5.750993270471584,Bronze
538,51,F,163.95126583574475,5,6.167500917828685,Silver
539,69,F,156.0792693564261,1,5.7079554205756775,Silver
540,48,M,36.33818695917868,8,8.268087074917108,Bronze
541,27,M,8.438132920074946,9,3.703129831638984,Silver
542,36,M,51.58049647422997,4,5.676159382831706,Bronze
543,49,F,19.058502336665757,7,6.928753831817706,Gold
544,18,M,118.7283150977474,3,7.315369330003439,Bronze
545,22,F,42.48004262131064,7,9.537752256286876,Bronze
546,62,M,371.35903021270826,5,9.31785656914553,Silver
547,21,F,102.43551145361242,6,4.598894266083187,Bronze
548,33,M,172.86751754099376,8,4.13792808914563,Silver
549,41,M,14.216820876655945,2,7.037456893556499,Silver
550,33,M,198.0606543336451,4,5.990222145305368,Silver
551,19,F,256.0801448616133,9,5.211960487025221,Gold
552,66,F,66.76001405482494,4,7.024181346190982,Bronze
553,45,M,93.20465498249905,4,7.346045977501652,Silver
554,49,M,144.73607343318378,3,5.741547340533733,Bronze
555,44,F,19.21763084545793,4,6.063872882443759,Bronze
556,37,F,69.82925482163945,4,5.856937708918526,Silver
557,41,F,50.85998156695678,6,6.382763138168079,Bronze
558,29,M,15.826211104526102,7,7.8121661490846055,Bronze
559,67,F,45.812948245673155,3,5.38314120827262,Bronze
560,52,M,7.060736270411021,6,6.038972509753599,Silver
561,50,F,2.6150879968812646,8,6.401076785371747,Gold
562,50,M,14.521803232856358,7,6.98987139226729,Bronze
563,68,F,329.99533399771076,3,7.413976739368708,Bronze
564,60,F,79.74627665581228,4,10.0,Silver
565,54,F,337.6177831884106,6,7.858188576412585,Bronze
566,29,F,56.65107910082499,8,7.893897020558749,Bronze
567,20,F,37.369922833070405,3,6.6000804800806945,Bronze
568,18,M,70.55069747772997,4,5.5302013064538516,Bronze
569,50,F,57.894689062654834,3,6.207678977725326,Bronze
570,57,F,11.167450059839194,8,5.934501264677662,Silver
571,27,F,102.39492043974927,1,7.588346013331849,Bronze
572,60,M,24.339496199833064,3,4.5230778645644,Gold
573,61,F,96.65002845057637,7,7.888800579380867,Silver
574,46,M,105.03968393246197,5,6.8241406158459625,Silver
575,30,F,16.49039515544464,9,8.100022349033557,Bronze
576,29,F,6.331220895053138,5,5.9141377162685895,Bronze
577,48,M,151.759549322393,4,5.647945427736632,Bronze
578,63,F,61.581662209138635,5,6.389996921442334,Gold
579,19,M,5.992390010381586,7,6.3540261208692606,Bronze
580,68,M,527.1931976736665,3,8.209522616612395,Bronze
581,67,F,5.951708142442368,6,8.195207249585598,Bronze
582,52,M,118.75590135001512,7,9.857534625303128,Bronze
583,40,F,411.5298077656953,4,6.256761783223156,Bronze
584,34,F,27.3358616957147,4,1.9786741052686097,Bronze
585,43,M,15.344186123358494,4,6.385866140453773,Bronze
586,25,M,12.940840602400936,3,7.345986887812535,Bronze
587,46,M,36.13647059411098,4,8.071796036578252,Bronze
588,43,M,10.65232035515615,2,7.455406406925579,Silver
589,27,F,117.81794699281834,7,6.2555837003654515,Bronze
590,43,F,6.431646379952709,6,9.571246536123336,Bronze
591,51,M,71.21712524346368,7,5.4493962991566605,Bronze
592,68,F,571.2879886799935,5,6.588032727157243,Bronze
593,58,F,168.18487766767154,4,5.380135238708788,Gold
594,24,F,95.50820766198737,5,7.029365143135258,Bronze
595,21,F,36.564883308698526,4,9.383508638159304,Silver
596,67,M,97.78891428190236,7,6.788611114151781,Silver
597,62,M,74.87475558795342,5,6.797800221859781,Silver
598,28,F,55.52711613166957,6,4.456056987434112,Bronze
599,46,M,14.007892586034512,5,6.569511721313502,Bronze
600,53,M,217.68710598120475,2,8.725730575050028,Silver
601,42,M,59.74455297927822,4,6.624645751514389,Bronze
602,38,F,21.64441820614136,4,6.523314679131533,Silver
603,53,F,45.84851833829352,6,8.65857186376494,Silver
604,27,F,53.4656934620134,11,6.529653830544153,Silver
605,54,M,175.75777510905334,6,8.938080448340685,Bronze
606,26,F,132.28103228592784,8,5.073040606918383,Silver
607,41,F,146.66583261701916,5,8.016780962261546,Silver
608,52,M,1.1092560021533864,3,9.469493811543185,Silver
609,66,F,53.81180264409754,5,8.51178534618237,Bronze
610,52,F,65.65147210381606,1,4.199089672547088,Bronze
611,65,M,1.93788394664463,8,6.042545137853674,Bronze
612,53,M,30.08527040218263,6,6.637072713013326,Bronze
613,35,M,142.8324681714378,4,8.514933245060622,Bronze
614,66,F,14.746771733388927,7,5.002572825682846,Gold
615,56,F,76.63850452648582,1,5.471594994411028,Bronze
616,49,F,24.232875607689376,7,4.592272854730012,Silver
617,41,M,1.219483024877762,3,5.761299624868279,Bronze
618,40,M,27.601896185029933,9,5.12259001454153,Bronze
619,49,F,372.4455023142878,4,9.396858790294612,Bronze
620,54,F,161.71531579615473,2,6.028934094028051,Bronze
621,29,M,320.83475501912335,4,8.036387938195013,Gold
622,66,M,66.91456241111679,6,7.0269542608283055,Bronze
623,30,M,11.62374541951925,2,7.005941921386881,Silver
624,40,M,79.39834770016945,1,6.112834270690842,Bronze
625,42,F,60.58276310869285,7,8.155033730696061,Gold
626,52,M,186.01908873998093,7,7.2315163489635115,Bronze
627,58,F,10.323231608662383,6,7.145115869408571,Bronze
628,47,F,66.99017356298462,8,6.109869084733115,Bronze
629,34,F,16.257618371792447,7,6.355336110770469,Bronze
630,66,M,39.256259501370444,5,7.883366676363137,Bronze
631,37,M,133.6959878024791,6,7.345083417318252,Silver
632,65,M,64.62981932916178,6,7.18520847176281,Silver
633,42,M,47.14258964215926,7,5.8689362624986785,Silver
634,39,F,50.16615401585782,6,9.916161555288243,Bronze
635,30,M,61.51621609169232,3,6.280439890663265,Bronze
636,36,M,153.7194201894464,3,6.954621007411869,Bronze
637,66,F,222.64085163237465,1,6.719449556687919,Gold
638,53,M,310.85580630222995,5,9.932066795891933,Silver
639,29,F,154.60096304556976,3,6.5637780809386195,Silver
640,58,F,37.89306256040513,9,6.42648708853652,Silver
641,36,F,116.51839346810205,8,7.177466722175004,Bronze
642,29,F,57.55474933648939,4,5.959688665806722,Bronze
643,26,F,29.39290402489777,2,7.16739957535227,Bronze
644,24,F,183.80437261905783,3,10.0,Bronze
645,45,F,3.9184116743756054,2,7.449543333326638,Bronze
646,31,F,232.03620930403721,4,7.394868882589872,Bronze
647,48,M,61.89259348392796,4,5.9231426606361826,Silver
648,69,M,101.39076313345574,5,9.563810731529445,Silver
649,36,M,107.69112357162622,8,9.90854905119697,Silver
650,64,M,225.49168980590207,6,8.279020563740517,Gold
651,33,F,101.24428920042712,3,7.980749834593569,Bronze
652,22,M,95.1745864110872,5,6.647851972841774,Bronze
653,52,F,6.897720078190541,6,7.587006371266933,Silver
654,29,M,73.06580419892181,3,5.747263592706239,Bronze
655,42,M,16.27177737566215,8,5.31082903633189,Bronze
656,69,M,133.7251919142745,8,4.768960124911386,Bronze
657,38,F,71.78947323254283,5,7.616010959912198,Bronze
658,53,M,114.01463466715083,4,4.932438291518968,Bronze
659,40,F,4.256611941635436,2,6.250546895331276,Bronze
660,33,F,8.860393466847853,6,6.9081559371970345,Bronze
661,56,M,125.99203799829266,5,8.492935599283047,Silver
662,62,M,7.481442963462634,6,6.1326697500686205,Bronze
663,59,M,7.392292686901208,7,8.669908469109089,Bronze
664,56,F,1.218238000979597,3,8.408738369716273,Bronze
665,31,M,313.5026486219789,9,5.3930375084935385,Bronze
666,48,F,133.7536043015661,2,8.684238240827913,Silver
667,22,F,43.57976357336992,0,6.574628316787696,Silver
668,52,M,35.17379812300988,6,6.2515733144111225,Silver
669,40,M,43.032645066688005,4,6.580970086880012,Bronze
670,46,F,149.01161997316504,6,6.994741409861989,Bronze
671,60,F,108.28490176285032,4,6.3774330993435475,Bronze
672,28,F,20.480715510999964,5,5.740462509458129,Bronze
673,35,M,19.12928814550219,2,5.873116609457989,Bronze
674,64,F,10.357949119433949,5,7.208414214556024,Bronze
675,29,M,107.97004100335128,4,6.759304672274433,Bronze
676,26,F,144.55037992237158,3,7.7909645400993455,Silver
677,27,F,30.794794955359027,5,7.078544345804894,Bronze
678,61,M,2.1167418451615125,3,7.115520993975638,Silver
679,34,F,8.574490745693609,3,7.889218352251431,Bronze
680,55,M,343.7655002837343,4,9.128377107869026,Bronze
681,24,M,35.018856530362534,8,9.188533522437833,Gold
682,63,F,146.63040433040203,5,9.010609630171327,Gold
683,30,M,97.9932505488038,4,8.305673754611961,Bronze
684,57,M,48.11691558293258,4,10.0,Bronze
685,59,F,23.027801895590354,4,7.656735649365359,Bronze
686,26,M,12.941008905710117,4,7.488318722983108,Bronze
687,67,M,95.45456284794805,7,10.0,Silver
688,44,M,149.00285583409178,8,2.9110467248507863,Gold
689,19,F,103.2555633563709,7,6.679155267033522,Silver
690,22,M,75.56656276864724,3,8.878743593725,Bronze
691,46,F,4.285658730910904,6,8.470394429082525,Silver
692,54,F,345.7411529753554,6,10.0,Bronze
693,55,M,160.302944884436,4,7.161228577497129,Gold
694,36,M,34.647292863764726,6,6.353773596417707,Silver
695,25,M,391.05405727172183,9,6.501872879988706,Bronze
696,65,F,92.100580446948,6,7.4771022442918715,Bronze
697,62,M,87.32855020448504,4,9.432471393926981,Bronze
698,18,M,137.86166282050146,6,9.451211513328238,Bronze
699,39,M,167.0089533843877,7,6.915977992249493,Silver
700,69,M,106.85058907480496,4,7.379512730016688,Bronze
701,34,M,13.707566198038496,3,6.0825976311957035,Bronze
702,24,F,41.28938923155083,4,6.239176678591682,Bronze
703,42,F,263.2251506424206,5,8.569385820155759,Silver
704,62,M,25.439638787094392,3,9.403317083097514,Bronze
705,21,M,46.548110941267964,5,5.954074479295279,Silver
706,53,M,56.5769226718731,3,7.364434528197027,Silver
707,23,M,57.87565409233329,5,6.635382915881188,Gold
708,48,F,94.91744805522319,5,8.29580748932801,Bronze
709,36,M,286.60353837801955,5,6.417225966465317,Bronze
710,61,F,27.534872427418644,6,4.110317590810677,Bronze
711,56,F,12.954093800495233,6,8.505536066668004,Bronze
712,44,M,21.998665189386475,6,6.544774555214891,Bronze
713,27,F,217.9703081100552,5,6.700834426167917,Silver
714,43,F,103.79240810762278,7,7.653381875037759,Bronze
715,36,F,33.67417778790184,3,7.52925046472893,Silver
716,56,F,169.25311877747205,5,7.684182488128584,Bronze
717,20,M,197.59467391996955,7,4.555400252130706,Silver
718,62,M,187.41481279810753,2,7.834463518054738,Silver
719,30,F,251.23995432742322,8,4.1364154744732975,Silver
720,67,M,29.067457241461543,4,8.154347715671511,Silver
721,45,M,140.66682208230554,2,8.677571923165871,Silver
722,37,M,61.718570785211426,5,4.947219785912175,Gold
723,45,M,184.51510870734518,5,7.492649485872324,Bronze
724,25,M,130.37588019347567,4,8.585768694421649,Bronze
725,58,F,149.81087538655927,6,6.3264945694427,Bronze
726,56,M,106.75841906842092,8,8.010454548562935,Bronze
727,18,M,19.532019762394587,4,2.8218911909114786,Bronze
728,20,M,78.75170241922046,3,8.647294177365117,Bronze
729,30,M,417.7926595016945,6,7.044991358039764,Bronze
730,45,F,277.07993880074326,4,6.613255935045951,Bronze
731,66,F,4.413344611758607,2,8.47606217935672,Bronze
732,42,F,18.010180115075492,3,9.593934513585966,Gold
733,50,F,14.125114015268526,1,7.7285737620309956,Bronze
734,55,M,129.4553854060387,9,9.413070824573342,Silver
735,23,F,170.25697806958462,5,4.67007512120953,Bronze
736,61,M,24.017700835005286,3,7.998923256751098,Gold
737,62,M,70.4921613839529,4,6.8019942207185915,Silver
738,49,M,183.69850704778037,3,5.817671342925524,Silver
739,62,M,131.97636186471763,4,4.106977847705736,Silver
740,64,M,78.1404144953795,6,7.917680573503995,Bronze
741,38,F,89.24465045700323,4,8.312935080124793,Gold
742,33,F,71.0009650068406,2,9.01303412648987,Silver
743,38,F,35.31788500016205,6,8.764735656452547,Silver
744,28,F,83.24598074681555,3,5.842435469412445,Silver
745,54,M,116.75936310968125,6,8.936058272968197,Bronze
746,53,F,206.61140751074524,2,9.094521255867766,Silver
747,52,M,101.14021548748543,8,6.610024112120942,Bronze
748,36,F,143.1800379585526,3,7.042642395567578,Bronze
749,37,M,17.443867048912377,6,5.598768689425687,Bronze
750,35,M,61.9074518666376,4,9.221329435979998,Gold
751,64,F,0.9375432164456157,5,4.732319281046596,Bronze
752,58,M,28.32636673578669,6,7.802456008545654,Bronze
753,66,M,129.63136856112857,1,6.104756217826431,Bronze
754,31,F,480.4835440886139,5,5.338220770665234,Silver
755,32,M,10.444770971109277,7,4.187907579157888,Silver
756,48,F,51.331925672141935,6,6.6768908080435105,Bronze
757,18,F,160.97928189017483,6,5.103122328103142,Bronze
758,20,F,22.820086126156376,7,7.084629179910706,Silver
759,33,M,80.98719123476157,4,9.654005985100937,Gold
760,40,M,132.07736825681354,3,7.2992609896583325,Silver
761,28,M,95.70748371647657,8,9.995920753426972,Bronze
762,29,F,20.828540063345006,4,5.52659011978277,Gold
763,27,M,43.91013705229907,5,5.078588800000979,Bronze
764,49,F,153.15133748939874,5,5.459476617657582,Bronze
765,33,F,80.79443351961764,3,6.902349191867044,Bronze
766,25,M,0.5243335834244977,9,10.0,Bronze
767,55,F,143.12530668276239,8,4.5068279296728395,Silver
768,29,M,3.5949877311554204,6,7.929494677243637,Bronze
769,41,M,136.93734613530438,3,5.9500519959392,Bronze
770,45,M,22.624906865187217,5,6.664295423423555,Bronze
771,25,M,317.1836719559786,5,5.112970133100494,Bronze
772,45,M,45.87721412896034,5,8.31870748605931,Bronze
773,53,F,39.59083443033563,3,6.9341123005673175,Bronze
774,43,F,16.12116083351189,7,8.631180326041248,Bronze
775,25,F,36.471318634885726,3,7.2628677910488415,Silver
776,67,M,209.27356121766388,0,4.102564034234687,Silver
777,45,M,560.8746230709056,6,8.644814193962821,Silver
778,45,M,45.93557682687801,6,3.980499051535479,Bronze
779,54,F,59.53140605103695,4,4.1951459756253815,Silver
780,58,M,128.03893712449096,5,5.624195979802545,Gold
781,53,F,217.32756794630143,9,5.644216687071495,Silver
782,44,F,89.90510286786167,5,9.094032048072222,Silver
783,34,M,49.68005994559314,4,6.743265419874454,Bronze
784,26,M,53.20864431503372,3,8.871077937961994,Gold
785,50,F,118.94722687558443,6,6.14812378212107,Bronze
786,37,M,0.3223453352234625,2,7.476469553515953,Bronze
787,30,F,96.65039188925853,6,7.71106346726831,Bronze
788,45,M,43.926961172974956,6,8.044098125615573,Bronze
789,65,M,158.08374881107957,6,6.302610738376243,Gold
790,46,F,9.760250898985603,5,6.433217666822659,Bronze
791,30,M,88.72229893778368,3,6.552804131101234,Bronze
792,63,F,65.57991618936114,4,4.521381414554794,Silver
793,52,M,102.81319964746447,4,6.874147205097555,Bronze
794,23,F,6.705217851068186,5,6.42447361738558,Bronze
795,35,F,86.74619670881442,4,7.870109341116331,Silver
796,68,M,82.43603206028806,4,7.136951756589503,Silver
797,22,F,82.2481893100684,5,9.004572705179783,Bronze
798,64,M,92.50481327074117,5,7.10513271281285,Silver
799,42,M,112.8457057823754,5,6.156691455669604,Bronze
800,19,M,163.46993101159927,7,7.086545833248676,Bronze
801,27,F,31.446518612624928,3,8.086250861315746,Bronze
802,47,F,174.3251688811231,2,4.34018888831643,Bronze
803,67,M,68.96646162596095,4,5.927127221773613,Silver
804,62,M,8.018918746336913,4,5.958734896171972,Silver
805,22,F,6.033502607505761,6,7.61648530431625,Bronze
806,50,M,40.682350836025485,3,7.790929809537925,Bronze
807,18,M,153.66381893970083,5,7.151841591752342,Silver
808,35,F,122.99093840207843,5,3.2820428213081154,Bronze
809,49,M,155.40739964735977,5,4.52212272521232,Bronze
810,64,F,72.82958332151881,5,6.641602267814318,Gold
811,66,M,58.017391189790324,3,6.247795864962289,Silver
812,28,F,15.952638422688285,10,7.008055568254004,Gold
813,38,M,39.77838153323653,5,6.295902756346787,Bronze
814,43,M,56.919541721923316,4,9.297463699223556,Silver
815,42,F,9.277387160256174,4,3.5590876227302175,Bronze
816,39,M,24.9246221980613,7,7.453941447294722,Bronze
817,44,F,91.1863780458761,3,8.242015609245207,Bronze
818,66,M,133.0530906909701,6,8.0523076875376,Bronze
819,30,F,640.5472880634143,2,8.180909482001777,Bronze
820,50,F,270.47556044043154,4,8.396673862586402,Bronze
821,51,F,102.88023098028725,4,6.094030170089164,Bronze
822,58,F,54.688130994859776,4,5.347774364534565,Silver
823,52,M,101.10887957798545,8,3.9479774909579914,Bronze
824,18,M,154.01526347430928,5,6.456095749480458,Bronze
825,38,F,12.594446448603403,8,5.833700314067717,Bronze
826,65,F,52.74715511697289,5,8.742413220485707,Bronze
827,23,F,183.13465118380304,7,6.568662834773297,Silver
828,45,M,48.42371702849132,8,5.454391394158663,Bronze
829,34,M,84.83336962100451,3,5.2171968190583495,Silver
830,22,M,88.61722825317389,4,9.983230080675693,Bronze
831,48,M,20.392473795035094,6,6.966870527512634,Bronze
832,22,F,44.97860945489304,4,5.827743305089085,Silver
833,55,F,40.7233604088635,4,7.186062711658032,Silver
834,20,F,2.654595521466961,6,9.845333734247607,Bronze
835,40,M,2.4489191270530317,2,6.415479036550667,Silver
836,54,M,178.19896121391395,4,8.030516064172295,Bronze
837,54,M,31.892620643003504,2,8.779691555995488,Silver
838,27,F,72.99745937185206,8,4.16286416222514,Silver
839,27,F,35.48559900798931,7,6.042381371995692,Silver
840,36,M,282.4796036158523,2,8.591629942238296,Gold
841,34,F,30.015521820059433,5,5.95104484134624,Bronze
842,38,M,56.15170164185904,6,7.621938098900925,Silver
843,31,M,206.1446433115593,7,5.862277601312785,Bronze
844,26,F,184.47398709821283,7,6.33167214473211,Bronze
845,63,M,20.591951269056196,7,6.148954291589341,Bronze
846,18,F,162.2742577248794,6,7.9550052305437475,Bronze
847,68,M,61.2834146482455,5,7.30237017129939,Silver
848,62,F,65.96521975537925,5,7.14828916751653,Bronze
849,30,F,14.327005689790266,8,10.0,Bronze
850,21,F,8.403564207332337,7,9.6095461106801,Bronze
851,18,M,130.1730101451439,4,4.028134569169329,Bronze
852,66,M,68.609441459685,5,6.334885490172177,Gold
853,57,F,57.421050414113125,8,10.0,Bronze
854,49,F,130.7513601315038,5,6.138114953967937,Silver
855,51,M,145.03546989673853,2,10.0,Silver
856,45,M,17.305443076039946,3,6.360509777697609,Silver
857,48,M,94.2186012916847,7,6.649003644180156,Bronze
858,25,F,14.543519952787474,3,8.295357038703719,Silver
859,56,M,139.18098878273494,8,6.864689237488246,Bronze
860,43,M,106.9894100615944,1,7.741936959361429,Silver
861,51,F,313.7632785960324,5,9.362423048961459,Bronze
862,20,M,7.145090750853228,3,8.138201400963654,Bronze
863,67,M,5.874702682483746,5,7.212298198224549,Bronze
864,29,M,33.15462935948641,5,9.51029026257639,Silver
865,18,F,30.341273135638318,2,8.315031213812649,Bronze
866,61,F,28.366189629572723,7,5.899685255353978,Bronze
867,22,F,236.71724742163093,2,9.970112850166029,Bronze
868,47,F,28.707718856360664,4,7.963548388075267,Gold
869,47,F,31.738517565419478,5,6.679484846695208,Silver
870,34,F,142.4612253597161,4,3.968773623121079,Bronze
871,65,F,59.736409886505704,4,4.933635429903,Silver
872,64,M,149.92863982584598,5,9.550202365599906,Bronze
873,40,M,6.760043876192516,4,9.609497877955675,Bronze
874,32,F,66.85934921037368,4,7.127926103099861,Gold
875,54,M,3.419152493794983,5,4.344633736036771,Bronze
876,38,M,6.470195151063192,7,5.369537119524091,Bronze
877,31,F,236.9125118145484,6,4.564347471925633,Bronze
878,19,M,14.994579904644503,6,4.5098331101293585,Bronze
879,28,M,76.01862810622099,8,10.0,Bronze
880,68,M,52.94914219185613,5,10.0,Bronze
881,56,M,42.670405559453656,2,5.318729269651645,Bronze
882,55,M,230.09199370088268,4,6.986897536153601,Bronze
883,51,F,2.206504935500153,6,5.0728057601022964,Bronze
884,55,F,109.00183808326895,3,6.97714293024987,Bronze
885,67,F,330.75549794683667,3,9.458955825053645,Bronze
886,51,M,82.13628602808521,5,8.618078576204523,Silver
887,35,F,276.1806452919119,5,8.212994148245931,Bronze
888,47,M,5.367283829582405,6,6.708730394105703,Silver
889,32,M,54.26488522972961,2,8.892950673994546,Silver
890,44,M,30.13183465506887,6,7.970003119874996,Silver
891,68,M,131.23785630731405,4,7.605873371973579,Bronze
892,51,F,397.90761788416825,3,6.826885992700322,Bronze
893,69,F,29.64269475836514,4,7.477559409272,Bronze
894,55,M,106.18212598300316,2,7.43237736680399,Silver
895,50,F,22.076841513427965,6,6.187852532388609,Bronze
896,41,M,83.31687421479583,8,5.8376251994091,Silver
897,32,F,62.349516817232185,5,5.504639559504414,Silver
898,47,F,357.5741130908115,6,5.6007053323096105,Bronze
899,59,M,93.78394280377333,5,6.7178456866824225,Bronze
900,68,F,43.00237767529106,5,6.470972651506628,Silver
901,34,M,12.114644357562018,6,6.068899380096165,Bronze
902,22,F,16.39868637214363,4,5.957827787897251,Bronze
903,46,M,25.53012751408823,4,7.437820039174475,Silver
904,21,M,28.897178556136982,5,9.066411170761459,Bronze
905,27,F,190.12354942631106,5,6.9836264783898265,Gold
906,34,F,82.37634851167945,4,6.885503799938847,Silver
907,27,M,74.10586447854435,4,5.597669960929945,Silver
908,34,F,12.19065063412979,7,6.665395282313939,Bronze
909,37,F,196.71111641550874,5,8.785504510914054,Bronze
910,41,M,128.30676118738606,4,8.556191655263458,Bronze
911,22,M,7.006669271951631,3,8.451960616411503,Bronze
912,51,F,123.04369006024542,9,8.403803243829763,Bronze
913,23,M,78.42503006173838,6,7.655098833347252,Bronze
914,19,M,8.525874546966827,6,7.601810745224493,Bronze
915,30,M,61.304412060670245,4,7.367125490027161,Bronze
916,60,F,66.2998818414935,7,6.374672079921229,Silver
917,60,F,18.125157762181647,6,7.125549097923264,Bronze
918,65,M,291.3196927399496,6,7.3233995255588,Bronze
919,28,F,189.6955808234685,2,7.949752904974078,Silver
920,68,M,110.57043902602179,6,7.1503847305677395,Gold
921,64,F,62.044623966888565,4,10.0,Bronze
922,40,M,53.062967175684406,7,5.185281704413132,Bronze
923,33,M,105.26073343140585,8,8.13171354965605,Bronze
924,48,F,78.84074743037924,6,6.93813444004142,Gold
925,28,M,6.429653002712656,3,7.003219423189813,Silver
926,33,F,71.84704219340354,4,5.781136326533788,Silver
927,25,F,164.19797883681323,5,8.529014900873028,Bronze
928,21,M,61.47794951322301,3,7.979262301481736,Bronze
929,57,M,5.335497350844933,5,8.250456095205537,Bronze
930,21,F,154.3080106811237,8,7.253868107228447,Silver
931,42,M,22.4849733685874,8,6.512657778039663,Silver
932,20,M,29.924309074837023,5,6.900157677183315,Gold
933,49,M,17.997194341740162,5,7.65019847508346,Bronze
934,20,M,40.07986104717142,8,3.9916357406203886,Bronze
935,44,M,141.3671747816516,5,8.309399301363186,Bronze
936,46,F,73.26905335240428,4,10.0,Silver
937,49,F,22.926383478708843,3,7.720502570430215,Silver
938,67,M,210.23424012654877,7,6.578610063688339,Bronze
939,68,M,211.67850510798343,4,6.758147117981096,Bronze
940,36,M,204.46801801024367,4,8.061313526401253,Bronze
941,38,F,27.285416640692077,5,6.612567005027323,Bronze
942,22,M,60.0092896432293,3,8.303012907008766,Silver
943,35,F,419.9015724929951,5,6.738788924304634,Bronze
944,45,F,147.84643721827786,4,9.571275199936505,Silver
945,59,F,2.7543278636881525,6,9.529894204033281,Bronze
946,39,M,6.742758781911052,5,6.504745498088589,Silver
947,38,F,62.349309777106285,5,6.8784642448918,Bronze
948,23,M,239.93185496536807,2,6.96644670718249,Silver
949,18,F,77.37105860039205,5,6.98655051135439,Bronze
950,22,M,68.87817390488921,3,5.578856432408985,Bronze
951,58,F,11.146097451660442,3,5.369108973588472,Bronze
952,29,M,106.93839431309624,5,8.874636357321934,Bronze
953,43,F,172.65514506301994,4,8.634680521306251,Bronze
954,63,M,47.87134619671842,3,8.608781071265907,Bronze
955,51,M,149.43779183383717,4,6.895932449589506,Gold
956,66,M,333.75651620520983,2,9.838017654984544,Bronze
957,31,M,22.78627431134131,6,6.96629653498815,Silver
958,43,F,74.09300777021357,7,8.29431426084961,Gold
959,62,F,33.84673668890539,3,4.917066978197524,Bronze
960,44,M,157.4333443217474,5,6.655397002753224,Silver
961,26,F,86.17868409396449,4,6.766268416639274,Bronze
962,43,M,100.6714517833276,6,6.901768692967578,Bronze
963,64,M,159.90627194510662,6,5.011751548006471,Bronze
964,39,F,50.41321959217804,2,8.055821391736387,Gold
965,64,M,246.61642126129655,2,8.542915466955067,Bronze
966,47,M,76.14878374553811,5,5.884210916315626,Bronze
967,60,F,17.19216115893184,2,5.278987725518006,Bronze
968,65,M,119.0395784496388,7,5.846587562659116,Silver
969,34,M,157.6299845923955,4,7.7432480037102716,Bronze
970,43,M,38.09115447957103,5,6.105094967637468,Silver
971,53,M,194.61649805133624,7,6.798902125545436,Silver
972,18,F,236.59856460311664,5,5.389808882945957,Silver
973,25,F,32.42139595704644,7,9.968929608252195,Gold
974,66,F,410.56971222817384,1,7.109797942244175,Silver
975,52,M,15.165059038050552,3,8.724572993839946,Bronze
976,69,M,22.56663163146758,4,7.739754751358255,Bronze
977,32,F,20.36165002675717,9,6.937179917552396,Bronze
978,64,M,224.42191141841326,4,6.8595065126660835,Bronze
979,39,M,106.21623885347033,5,5.912134485043322,Bronze
980,31,M,16.499762625030378,6,6.324305273674412,Bronze
981,43,M,58.03961948898719,6,5.488296502602243,Bronze
982,45,F,95.52863355479619,3,5.324701042100583,Gold
983,40,F,8.715402533365735,3,10.0,Bronze
984,31,F,214.06054403422732,5,7.418368547622914,Gold
985,41,M,162.7619884453608,7,9.19857586255609,Bronze
986,19,F,70.36153280818361,6,5.808906614445967,Silver
987,62,F,341.50919230500875,6,5.122594611302883,Silver
988,43,M,54.08742270293948,4,5.533332683561723,Bronze
989,31,M,414.2085376451174,7,6.366892172365456,Bronze
990,68,F,110.2379371634689,4,7.0547498977392396,Bronze
991,24,F,100.6957709493521,8,6.773595074734011,Bronze
992,20,F,18.146779570663476,5,5.840213547270057,Gold
993,64,F,213.64586240880556,5,7.1315725139766455,Silver
994,40,M,55.77245313502252,4,7.263079186809921,Bronze
995,63,F,17.70157444826844,5,8.053414641327368,Bronze
996,60,F,1.2687669122935623,2,9.205648454518807,Bronze
997,64,M,82.04254417138756,3,6.454159315736615,Bronze
998,62,F,74.95051146585031,7,8.823220890451948,Silver
999,35,M,127.06598447470941,5,7.09890639014198,Bronze
1000,55,M,220.9623605735428,6,4.709021518873328,Bronze
